Step,Link,Occupancy,Travel Time
250.0,A0A1,0.05,25.61460055838889
250.0,P0,,59.163412021664314
250.0,P99,0,56
250.0,F5,1,7
250.0,Jtop0,5,28.558701684726497
250.0,U7bottom,5,8.06716094688528
250.0,H0left,4,8.092793121375669
